customer_id,customer_join_date,average_order_value,total_orders,days_since_last_order,return_rate,customer_segment
1,2021-02-02,116.7567995525025,17,155,0.28068845793617114,loyal
2,2021-04-13,156.9097797279792,31,117,0.2244032599114315,loyal
3,2020-08-31,99.94821439329286,10,53,0.6321260867494872,loyal
4,2022-10-03,171.80093779985313,43,20,0.08088254914497572,loyal
5,2022-08-28,118.40403006645256,18,177,0.5326695473222919,infrequent
6,2021-11-28,55.761529842968585,2,114,0.961198899148254,loyal
7,2021-03-03,191.18033257849712,3,177,0.08597496224481982,loyal
8,2022-08-08,75.44403300468957,46,129,0.0,new
9,2020-12-09,64.36155068962279,31,20,0.600588350931509,loyal
10,2021-10-24,199.6996678449107,30,117,0.0,new
11,2021-04-24,89.07536942197328,50,9,0.0,new
12,2023-03-08,185.83071634541452,12,99,0.6545770154871586,infrequent
13,2022-12-10,37.05311133939411,6,35,0.32565298213897986,infrequent
14,2022-10-10,161.55299505613664,31,10,0.5244878813323113,loyal
15,2020-03-25,118.68711985358856,40,37,0.3671452739321045,loyal
16,2021-01-22,138.8448846119676,35,23,0.5720612795796047,loyal
17,2021-05-25,99.80281264437318,35,55,0.0,new
18,2022-07-08,186.97240867240237,17,86,0.052209190170559916,loyal
19,2022-01-05,156.9022283882561,46,57,0.4490882190672113,infrequent
20,2023-02-22,114.06026040207693,44,73,0.9922102926979635,loyal
21,2020-05-14,167.87265749218972,45,89,0.32195353798455173,loyal
22,2022-01-24,179.34118483711157,50,158,0.9216273528695563,loyal
23,2021-11-15,170.46250168103623,49,18,0.17070854630021748,loyal
24,2021-08-01,134.92590545618285,9,145,0.9150037262814935,infrequent
25,2021-07-16,189.40042750283328,43,58,0.6874613964814744,loyal
26,2022-04-14,127.10640644637789,6,41,0.5355292781768394,loyal
27,2020-07-29,164.88470020807648,15,33,0.5010595474333043,loyal
28,2021-12-13,85.08973793977675,33,174,0.0,new
29,2021-06-08,113.47258925571077,49,87,0.9107953395641952,loyal
30,2022-10-28,146.37932877304172,19,178,0.29814852609294784,infrequent
31,2022-04-01,79.30350965726464,34,44,0.0,new
32,2023-02-22,27.839648446782064,43,124,0.6583739206570739,loyal
33,2021-02-24,100.47387594464644,26,129,0.16100096987336487,infrequent
34,2020-06-29,167.82197918850048,4,123,0.7360296728215083,infrequent
35,2022-05-17,101.7030435052945,1,51,0.7090723617153512,infrequent
36,2022-04-19,178.1769961111796,33,149,0.24066872128027939,loyal
37,2023-01-18,67.01124859271812,25,96,0.2276055594573998,loyal
38,2022-06-01,154.47443607962458,30,78,0.5961095656917632,infrequent
39,2022-03-01,170.6381822984899,2,157,0.8149012010743983,infrequent
40,2020-09-07,62.4588505493514,2,11,0.12058461557921074,infrequent
41,2020-04-22,25.674689808169425,14,87,0.48618803563473856,loyal
42,2020-07-14,122.0129194420683,44,23,0.2193468045543061,infrequent
43,2021-08-23,65.10778996408368,34,98,0.8817932244577167,loyal
44,2022-10-02,189.85904739873564,12,69,0.8317153631364279,loyal
45,2021-06-13,59.50653072089547,36,6,0.5476643314925397,loyal
46,2020-04-09,154.30185829475204,29,15,0.9088121006985854,loyal
47,2021-12-26,48.87465890484597,26,47,0.8630197393134139,infrequent
48,2022-04-28,179.46270538411397,49,45,0.9624416621362261,infrequent
49,2021-12-21,107.66813431534894,36,85,0.5625029306590241,infrequent
50,2022-09-29,161.61159986029446,11,159,0.11170737465168412,loyal
51,2023-02-10,85.55058436806185,18,164,0.0,new
52,2022-01-10,23.920327893107068,3,73,0.9339929335665278,loyal
53,2020-12-05,88.88755148810503,37,77,0.16066649011731082,loyal
54,2020-03-27,173.1234161676427,38,112,0.30039630510686177,infrequent
55,2020-05-22,173.7566495970261,41,45,0.6966239331583767,loyal
56,2021-02-04,194.52835390890706,13,107,0.07982161466972737,infrequent
57,2021-10-19,45.72327970745849,40,23,0.3015190439682742,loyal
58,2020-11-09,63.073733815505825,28,49,0.6051754049412676,loyal
59,2021-08-01,178.90883005668607,32,105,0.5469563332545789,infrequent
60,2022-06-29,29.10754525817536,44,13,0.6010945182014723,loyal
61,2022-04-15,118.53438458261991,37,28,0.15209113058392842,infrequent
62,2021-09-10,71.78172319462628,46,173,0.7059442834916221,loyal
63,2021-04-29,43.3283444576586,35,163,0.47043867836785624,loyal
64,2022-09-08,34.17184037835068,6,165,0.02239588804718562,loyal
65,2022-06-15,43.991816417940825,16,44,0.5367927005505251,infrequent
66,2020-10-23,188.2190770638493,45,0,0.1440365981063635,loyal
67,2021-09-02,191.2580936365458,24,142,0.19741376606338346,loyal
68,2020-08-18,115.34542323251931,29,61,0.9706046473246331,infrequent
69,2022-07-31,118.82834292390827,28,91,0.8365794876994513,loyal
70,2022-12-28,88.74017430219453,30,31,0.9694977799647315,loyal
71,2022-09-07,158.596615637557,25,21,0.0,new
72,2020-04-06,36.601770528799605,42,82,0.0,new
73,2022-11-29,115.43567958184533,42,18,0.7012837263021473,infrequent
74,2020-05-05,98.52116820114163,29,30,0.030543892924622673,loyal
75,2022-07-06,80.55144352166167,40,120,0.19470834834184336,infrequent
76,2021-07-09,163.21859441727304,12,136,0.14365319413683486,loyal
77,2020-11-24,46.55328583444506,46,97,0.0,new
78,2022-11-05,84.03893342497251,34,170,0.0,new
79,2020-07-22,125.48333093956171,34,158,0.0,new
80,2022-08-10,95.51813699636762,6,39,0.11374646420852497,infrequent
81,2021-01-29,127.23764339916582,22,148,0.4438512703045967,loyal
82,2022-07-08,64.39755271519999,46,156,0.08783790345922449,loyal
83,2021-04-17,146.54349342806177,32,18,0.3584666833114679,loyal
84,2020-11-26,109.43041199649788,5,126,0.3315397384803995,loyal
85,2022-08-30,34.74976328892357,6,54,0.9674649686320851,infrequent
86,2022-01-28,196.38045376458996,24,62,0.9452564835334578,infrequent
87,2022-01-02,193.92021051034354,33,115,0.8517216145211416,infrequent
88,2021-02-20,151.4140853291065,22,93,0.9300133746071595,infrequent
89,2020-07-12,131.12591314370098,48,50,0.0,new
90,2023-02-24,140.01625116044474,28,64,0.5665848671702809,infrequent
91,2023-01-07,199.01118596669852,18,30,0.20602727423258127,infrequent
92,2023-01-31,140.45071711861831,48,145,0.9541958369379047,infrequent
93,2022-05-27,22.953130150894943,27,10,0.0,new
94,2020-08-24,108.73998993686048,3,113,0.0,new
95,2021-04-15,157.5371187568496,14,116,0.0,new
96,2022-02-08,149.29840046857493,22,46,0.9743394659247486,loyal
97,2020-10-23,96.04045421292666,4,97,0.4622670711584087,loyal
98,2021-02-17,165.15992914484335,2,62,0.0,new
99,2020-10-02,20.26712382925378,20,11,0.0,new
100,2022-07-22,138.8502876348652,5,35,0.0,new
101,2020-06-30,98.70519242728997,14,54,0.7282019505207837,loyal
102,2021-08-04,40.14834152648419,13,65,0.0,new
103,2022-10-14,164.68985910589166,8,112,0.3141490392395567,loyal
104,2020-10-02,81.31207421817953,29,89,0.9694179350552764,loyal
105,2020-07-06,108.40677402071903,3,33,0.0,new
106,2021-09-06,79.86284848973851,15,3,0.41700656995348107,loyal
107,2021-11-27,135.34199651675812,32,121,0.7172653847499258,loyal
108,2021-04-15,92.22306146984025,24,10,0.4716282037935572,loyal
109,2020-08-03,37.198390858509676,33,140,0.0,new
110,2021-12-23,74.15892980615774,38,165,0.6069863422873737,loyal
111,2022-06-24,168.51900259622784,11,158,0.7985885781026603,loyal
112,2021-08-24,148.7415166117216,47,27,0.0,new
113,2021-06-08,177.7141887432383,27,40,0.24019046866473137,infrequent
114,2020-05-29,116.50118241965902,43,85,0.9580149186906273,loyal
115,2023-02-11,192.33239333196394,38,21,0.0,new
116,2022-01-04,134.60747529829575,32,135,0.0,new
117,2021-08-14,167.46596417787882,4,173,0.2742393315284518,infrequent
118,2021-09-29,137.51843383965615,28,2,0.8880152152226746,loyal
119,2020-08-29,85.87836819614054,4,138,0.0,new
120,2020-05-11,73.26431375812382,47,86,0.841021717123285,loyal
121,2022-07-10,167.26962183649053,21,73,0.24114104468351782,loyal
122,2021-12-15,162.13100507480476,38,40,0.00799639437284605,infrequent
123,2020-05-31,130.30316034398862,36,21,0.1505123328421274,infrequent
124,2021-07-15,177.49579842237526,14,23,0.721915980454965,loyal
125,2022-11-02,97.21907927517466,23,173,0.3478888722005802,infrequent
126,2021-02-12,118.61552060145675,7,170,0.6895799160627117,infrequent
127,2020-09-13,40.66189000003341,3,124,0.0,new
128,2020-05-02,75.29032445958043,13,121,0.8081005770679532,loyal
129,2021-04-02,160.47044372997038,49,102,0.21668306818766925,loyal
130,2021-01-15,79.75863633642996,23,42,0.7246630570822938,infrequent
131,2020-09-17,125.34449280006264,1,121,0.6820311212622433,loyal
132,2020-05-29,53.73707852457588,47,51,0.44978645794087524,loyal
133,2021-11-07,105.7475971583617,24,102,0.0,new
134,2022-10-05,170.73822637301447,26,135,0.4197194353792848,infrequent
135,2023-03-14,30.705267509217965,15,97,0.5665800675922986,loyal
136,2020-09-24,128.85677558268736,49,139,0.9118189927224745,loyal
137,2020-03-29,175.3024864972875,10,69,0.0,new
138,2021-10-19,40.443716847136486,15,177,0.8754341652445912,loyal
139,2022-01-10,80.01358788288687,9,3,0.5544608301750347,loyal
140,2022-08-31,85.24568666333845,28,169,0.18554476631022876,infrequent
141,2020-07-26,134.66276781092876,3,16,0.8609564933198807,infrequent
142,2023-02-09,178.38815049805112,37,152,0.6108450393400789,loyal
143,2023-01-24,89.00500135029873,13,90,0.46994514752079775,infrequent
144,2022-06-05,105.04410923931084,36,110,0.6875667336122014,loyal
145,2020-05-10,84.40332379502928,41,30,0.07614904758836927,loyal
146,2020-05-22,69.38796090203854,50,165,0.9699855035706545,loyal
147,2020-10-24,40.313777252054024,13,119,0.3738424351654107,infrequent
148,2023-01-04,89.41659663611811,35,52,0.0,new
149,2021-03-26,134.04808520177733,1,14,0.0,new
150,2021-09-28,78.06223747335588,42,60,0.6876009157591572,infrequent
151,2022-07-24,171.5672068476682,39,162,0.801501067381842,infrequent
152,2020-04-07,21.613399739518343,49,174,0.4400255301552969,infrequent
153,2021-03-15,189.7796650785018,12,56,0.35456221606365834,infrequent
154,2022-10-25,170.51207949575448,20,112,0.5303618608090775,infrequent
155,2022-10-21,182.03257396417735,16,57,0.20206240351490568,loyal
156,2021-04-26,172.6102240672878,3,138,0.617031810020508,loyal
157,2020-09-06,162.55187508593883,19,94,0.3148394452350315,infrequent
158,2022-07-28,49.72282902796725,33,149,0.0,new
159,2021-09-30,128.5664279439842,23,55,0.0,new
160,2021-04-28,50.86932995884726,40,35,0.39940692108699816,infrequent
161,2022-02-06,173.46669063914942,45,96,0.5842072021800278,loyal
162,2022-11-03,41.75568678192407,22,171,0.09076647426436046,loyal
163,2022-06-18,112.66912408098463,40,132,0.6118888703018771,loyal
164,2021-12-11,109.90763621619168,36,43,0.8933901060179414,loyal
165,2022-02-01,102.8083049740392,46,140,0.0,new
166,2020-10-02,62.07487478285827,5,35,0.0,new
167,2022-06-08,101.53188187801659,22,170,0.28841543387759516,infrequent
168,2021-01-19,161.413788914571,3,26,0.5749369939710383,loyal
169,2020-11-17,77.53012794260587,36,17,0.5903799689424049,infrequent
170,2021-02-15,55.71417091994967,31,116,0.0,new
171,2020-05-05,36.71980538793372,11,64,0.0,new
172,2021-05-12,57.51932592138877,30,160,0.8601576862914464,loyal
173,2020-05-14,33.953405754799405,35,165,0.07211547506747262,loyal
174,2020-11-30,39.79309856892843,44,66,0.0,new
175,2021-08-14,161.15649396223085,45,99,0.2255978583737982,loyal
176,2020-06-09,26.061412048834853,46,84,0.8203832535053763,loyal
177,2020-09-02,194.97821604617621,33,165,0.22480179523625254,infrequent
178,2022-12-16,78.62757117255715,32,40,0.6814378942477408,infrequent
179,2021-06-25,154.55769497296959,46,176,0.21725508808374938,infrequent
180,2022-03-03,187.86711600184012,12,60,0.7281433099596356,loyal
181,2021-07-22,67.69283621658582,5,91,0.8746839264348729,loyal
182,2022-03-26,41.184749797609456,4,141,0.0,new
183,2021-05-07,39.9584012547806,39,33,0.9178471154000084,loyal
184,2022-04-03,25.27887573474782,33,85,0.37511031496490277,infrequent
185,2020-09-11,77.55925318459663,35,85,0.5945764514641377,loyal
186,2020-10-15,186.33825355563332,44,23,0.9654183176812291,loyal
187,2020-07-20,148.84729247405002,27,140,0.02576056646668723,loyal
188,2022-10-30,35.535706187734384,4,21,0.9962272766672474,loyal
189,2021-08-22,71.33257388154848,24,73,0.9637830182113957,loyal
190,2022-01-15,75.72931503754317,50,22,0.7516898845555999,loyal
191,2021-11-19,136.85428888823134,50,20,0.478543550124621,loyal
192,2022-09-13,112.39884971883342,26,74,0.16823583560367406,loyal
193,2020-09-07,117.66823564225574,7,134,0.4034826990676611,loyal
194,2021-07-28,82.5218259321561,41,137,0.5564999699487458,infrequent
195,2021-08-30,123.61084309774363,24,6,0.8247638957220951,infrequent
196,2020-07-09,164.78553768254613,50,172,0.0,new
197,2021-04-22,144.57082797719522,22,114,0.5273542621372248,infrequent
198,2020-04-11,147.56326203914855,25,7,0.0,new
199,2023-01-23,186.55784591296614,27,140,0.0,new
200,2022-10-06,65.6498451391048,11,166,0.0,new
201,2022-11-01,91.15708113490477,24,87,0.14251989502846363,loyal
202,2021-09-28,78.39687033993044,37,84,0.0732564324866084,infrequent
203,2021-11-08,84.99914003910698,46,16,0.0,new
204,2022-03-25,121.19067438583204,32,106,0.7139849934686852,loyal
205,2022-10-29,110.12327804236628,1,136,0.984771683143723,infrequent
206,2021-08-20,41.906511453562544,3,11,0.07666307948571371,infrequent
207,2021-12-12,59.464127006609715,23,7,0.6967896859163442,loyal
208,2021-03-27,105.56788325355787,16,86,0.43661132848949014,loyal
209,2021-05-27,105.5904111882157,15,83,0.40529717899267137,loyal
210,2021-11-01,151.07382859773253,14,60,0.037239478055800856,loyal
211,2021-10-04,182.01533738031975,39,125,0.5545079620045104,infrequent
212,2022-11-17,160.67886978225235,32,174,0.22832760867714041,loyal
213,2021-09-13,98.35271086751091,16,47,0.0,new
214,2020-08-19,185.1118884851589,33,137,0.32652246961649856,loyal
215,2022-08-21,142.5036557787211,2,29,0.8182218430012103,infrequent
216,2021-05-14,62.88877751683463,9,23,0.6013991800733406,loyal
217,2022-03-06,157.7982852798429,45,7,0.0,new
218,2021-06-04,141.2575115810712,6,62,0.9585806971407442,loyal
219,2021-11-08,52.62947207747628,31,152,0.11065813953818837,loyal
220,2021-07-29,32.39454936576228,39,175,0.07377119736509485,loyal
221,2022-06-23,176.40087526400228,9,46,0.37120606997546235,infrequent
222,2021-05-05,38.87934759047192,22,152,0.22995587942009976,loyal
223,2022-09-10,45.07901921786475,38,34,0.3435444674835768,loyal
224,2022-06-03,140.64466527997735,19,169,0.8294380308019749,loyal
225,2021-08-20,186.7825945621119,4,156,0.587470794880772,loyal
226,2020-03-30,116.58902718058866,49,177,0.8596481016673806,loyal
227,2021-01-10,68.25745109609514,4,116,0.8738738293563042,loyal
228,2020-05-29,78.08428481506911,35,132,0.3302651064764234,loyal
229,2021-08-20,95.59133250760951,32,70,0.8570398991261383,loyal
230,2021-02-16,36.5160591014743,32,48,0.5583868769729697,loyal
231,2021-07-25,93.57050860778922,29,98,0.007809943118850526,loyal
232,2022-12-06,172.4597674810405,30,164,0.3766110128316559,loyal
233,2022-10-17,112.7296202665541,9,73,0.24636683411922933,loyal
234,2020-03-25,65.2542580038937,35,45,0.685664345650483,infrequent
235,2020-11-08,33.929840949818505,31,10,0.43011283633365516,infrequent
236,2021-06-16,187.8898387175028,16,17,0.08256604242462762,loyal
237,2021-02-13,77.64274087894836,1,8,0.29483138867197944,infrequent
238,2021-06-14,65.9687606318569,8,92,0.3103923558968972,infrequent
239,2021-04-12,46.970533260830436,8,88,0.2394512155581321,infrequent
240,2021-09-16,144.8024963584408,50,56,0.6815399982791878,loyal
241,2021-10-10,51.19293520862627,47,80,0.8972054366152693,loyal
242,2020-10-12,52.527439983965586,6,59,0.26445030899736455,loyal
243,2021-08-21,110.11582903718697,14,151,0.46198134828557436,loyal
244,2020-04-05,119.80116942063736,14,15,0.15723280222818092,infrequent
245,2020-04-28,79.52959779989818,49,147,0.09458025049272312,loyal
246,2021-01-20,48.69216328785763,22,74,0.06752825006096064,infrequent
247,2020-04-12,52.94942538961518,26,78,0.0484537185617504,loyal
248,2022-09-20,164.11597389278407,46,19,0.547764821479751,infrequent
249,2021-05-27,129.13097301690323,43,3,0.3611765304246166,loyal
250,2021-11-14,106.56161472235044,7,176,0.7473599061287094,loyal
251,2020-12-08,130.50320364602183,17,70,0.8936170837139567,loyal
252,2022-10-18,70.3734352029939,4,64,0.7191826796413312,loyal
253,2021-07-01,134.8399440085024,18,140,0.14621629936574132,infrequent
254,2021-08-18,28.394340962000587,1,173,0.49974795623287527,infrequent
255,2021-08-30,158.52529188601272,38,4,0.7398834950164749,infrequent
256,2020-06-18,174.41157029691638,19,50,0.015738908183691058,infrequent
257,2021-05-13,189.9848616904758,43,12,0.32690084701140487,infrequent
258,2020-08-02,142.59281210573926,31,108,0.3081293210747166,loyal
259,2022-02-03,79.45995905098664,9,123,0.5985925186087759,infrequent
260,2021-11-25,190.17886130039193,10,28,0.007091201692094429,loyal
261,2022-09-27,95.86208605165297,23,170,0.65784568339336,loyal
262,2022-04-27,28.78996798146069,44,28,0.20753941014444244,infrequent
263,2021-08-07,91.68043486280143,45,40,0.0,new
264,2021-07-28,84.0224947132878,35,122,0.8268632401882771,infrequent
265,2020-08-13,144.90207201253477,48,111,0.0,new
266,2021-05-22,106.73426006502396,2,14,0.35123175012263574,loyal
267,2022-04-27,177.69517851858896,3,140,0.0,new
268,2021-02-28,156.93204245599281,24,28,0.3198110895125884,loyal
269,2020-09-01,143.90092946405932,7,45,0.13530138923520385,loyal
270,2023-02-17,25.769196228993977,28,66,0.8795373238954516,loyal
271,2021-08-03,148.25429682357876,27,109,0.15829364721057726,loyal
272,2021-07-28,165.74990982340233,29,10,0.9000531678646548,loyal
273,2022-03-12,195.29715762185182,35,114,0.10973145456739275,infrequent
274,2020-07-07,173.9754160560597,17,90,0.19865532360908444,infrequent
275,2023-02-06,79.6208859726668,8,115,0.4419489946470707,loyal
276,2021-05-08,198.8632023633259,45,36,0.12740782327886957,loyal
277,2021-12-07,143.71980891999192,4,91,0.0,new
278,2021-04-07,121.77567363268274,15,122,0.7647545378145344,infrequent
279,2023-01-25,150.22605629439917,5,20,0.0,new
280,2022-06-02,199.0689646286024,7,122,0.6856574194021207,loyal
281,2022-03-16,105.48777388205419,10,143,0.9583001322831656,loyal
282,2020-12-21,29.926130629527755,35,153,0.09668687204726756,loyal
283,2021-08-17,169.39730863665287,4,178,0.3981269871546006,infrequent
284,2022-08-04,155.5669520286694,15,96,0.0,new
285,2020-09-04,152.51097642120868,30,103,0.24957887770836873,loyal
286,2020-05-24,94.26402759949721,36,97,0.0,new
287,2021-08-30,80.87923405799117,46,46,0.654700967118963,infrequent
288,2022-07-22,128.3029789803138,41,69,0.04866752232829741,loyal
289,2020-06-28,26.545688508150345,40,145,0.25492995109241434,infrequent
290,2021-10-28,168.28343908241533,34,141,0.7234501250168286,loyal
291,2020-06-18,135.42173103919973,20,9,0.4339736520399149,infrequent
292,2021-11-06,46.95813867694028,47,151,0.9248253782586776,loyal
293,2020-10-29,59.41159337593127,50,49,0.5319047963540684,loyal
294,2020-10-25,83.82363835694346,1,65,0.5439031219770052,loyal
295,2021-11-09,180.813003450096,45,82,0.873902025293035,loyal
296,2020-11-27,96.35881721792576,11,90,0.3200688928894133,infrequent
297,2020-04-28,36.714062907795736,27,179,0.12063789850584383,infrequent
298,2022-05-31,105.97996044965,7,58,0.9831796940601251,infrequent
299,2020-08-03,105.34548101438209,2,140,0.0,new
300,2021-11-30,172.3107581130591,50,174,0.0,new
301,2021-04-18,133.22374693212168,28,140,0.957116836374474,loyal
302,2022-06-13,49.1616332927627,23,19,0.03581690289415895,loyal
303,2021-09-10,88.27474589224462,2,124,0.25106104955900876,loyal
304,2022-03-27,110.00735383228262,37,128,0.01314563121465151,infrequent
305,2022-05-27,69.58814797010899,2,42,0.6675436313030446,loyal
306,2021-06-02,162.9236608349149,15,107,0.0,new
307,2021-03-09,111.67213656529876,4,38,0.12049847865698926,loyal
308,2020-06-21,139.7438964544061,21,70,0.9593375195127934,loyal
309,2021-11-20,182.89213339587258,3,151,0.05398579403169956,loyal
310,2021-09-06,78.2727419366023,46,12,0.9133037213260422,infrequent
311,2021-06-14,135.41098663669038,45,139,0.9061445302293515,loyal
312,2022-04-23,136.62233233605485,2,106,0.33928854364262917,infrequent
313,2021-03-18,180.2353622202825,40,59,0.10045980090573059,loyal
314,2022-06-24,60.729013904947294,38,133,0.5969642857765748,loyal
315,2021-05-08,78.23253095862162,17,169,0.8063856819478222,infrequent
316,2021-10-25,54.86623783713618,15,147,0.9280854345041384,loyal
317,2020-07-30,117.63973418470906,43,45,0.8815737222661869,loyal
318,2023-01-07,64.50888621372262,37,62,0.55628093095488,loyal
319,2023-02-18,174.28127587595776,7,40,0.5244693398727979,loyal
320,2021-05-23,23.002559808358892,33,77,0.0,new
321,2020-10-22,27.865706190482356,17,128,0.7358981753497136,infrequent
322,2020-12-31,133.839411711317,46,89,0.29765106504637373,infrequent
323,2021-12-18,158.5354929052055,25,127,0.22690507710334828,infrequent
324,2022-04-10,194.1379282188684,40,163,0.2715403657541108,loyal
325,2020-06-29,191.80402189189672,48,111,0.26555411782767835,loyal
326,2022-08-02,185.35187014767172,29,172,0.17477285480983262,loyal
327,2023-01-31,87.08140845938838,21,73,0.7320112612837687,loyal
328,2020-08-01,146.27267585546684,42,42,0.42039765817159147,infrequent
329,2022-10-14,61.847385374640865,17,103,0.7460825021099037,infrequent
330,2023-01-29,51.0693200670071,41,22,0.0,new
331,2021-08-07,185.07388503365127,13,71,0.05685227218596223,infrequent
332,2023-02-03,30.68759546520497,10,107,0.867072507456678,infrequent
333,2021-06-12,184.6146972772092,47,113,0.0,new
334,2022-06-08,69.52443831558085,7,60,0.25617755045324864,infrequent
335,2021-08-29,192.05018074653904,33,79,0.0,new
336,2022-03-29,93.26456597024573,10,141,0.8569844041262018,infrequent
337,2022-09-08,99.98669145302702,40,99,0.6681022372182661,loyal
338,2022-11-06,127.83269707538365,30,10,0.17828002790930308,infrequent
339,2023-03-09,119.58668835478892,34,28,0.09225669212361431,loyal
340,2022-01-06,66.1863407551601,17,90,0.2864683358699722,loyal
341,2020-04-18,48.24867754557387,11,157,0.7298521486374854,loyal
342,2021-01-13,50.603656557410346,17,178,0.5526379025596149,infrequent
343,2020-05-09,197.69153418464717,24,114,0.0,new
344,2022-07-28,181.89298895342102,19,161,0.984856476090328,infrequent
345,2022-05-31,32.38325691284427,45,96,0.13708279121540856,infrequent
346,2020-08-31,76.93534583275098,35,21,0.0,new
347,2021-07-20,52.853954261769886,42,30,0.8272356816424072,infrequent
348,2021-01-31,83.50196475034821,32,126,0.6741378405767174,loyal
349,2022-09-21,34.51101313489275,18,4,0.9790058915779077,loyal
350,2021-06-18,103.92178572376993,49,99,0.22593111237011232,loyal
351,2020-07-29,144.42290996034313,29,29,0.3768838545198604,loyal
352,2022-03-02,129.52686846536608,36,87,0.0,new
353,2021-05-26,172.1680748384763,38,131,0.6361294814442647,loyal
354,2020-04-30,37.67909959226475,50,31,0.6788481730811984,infrequent
355,2021-06-21,140.7017902762505,50,143,0.21685013924287577,loyal
356,2020-03-15,166.39247801686048,8,42,0.0,new
357,2020-10-04,96.23827686013661,35,176,0.08295585126169969,loyal
358,2021-06-27,151.54003217294837,33,86,0.8594973844046275,loyal
359,2020-12-31,69.62610849804301,36,116,0.9004221341709056,infrequent
360,2020-07-27,33.95231499487406,12,136,0.2126754442880351,loyal
361,2021-07-26,45.64152448698472,10,111,0.4874729712419934,infrequent
362,2021-09-24,184.0795807892543,30,19,0.06020207355320428,loyal
363,2021-05-06,53.39259846497826,28,77,0.19287366033524356,infrequent
364,2023-02-06,122.99567299540509,23,93,0.026734471105717028,loyal
365,2021-05-29,114.80927936006715,48,17,0.8128998978750624,infrequent
366,2020-07-13,93.96170087349992,2,165,0.0,new
367,2021-04-25,124.42518277566624,43,136,0.022430643650288795,loyal
368,2021-01-21,60.51003858831003,2,112,0.0,new
369,2022-12-13,55.91551541275379,39,72,0.8455092008706463,loyal
370,2020-04-17,180.70920951302458,1,131,0.7949903328519856,loyal
371,2022-10-03,182.62839613431092,27,44,0.4669347375837687,infrequent
372,2021-04-22,185.46727502691866,12,150,0.9816275210738067,infrequent
373,2021-04-15,23.230421517121506,4,162,0.0,new
374,2021-04-03,138.66806234248997,4,22,0.2305477202474332,infrequent
375,2021-10-29,182.84962247740205,34,129,0.5887591893059675,infrequent
376,2021-09-21,166.63265731508315,38,172,0.7503644783367371,loyal
377,2020-04-11,117.69946020229149,1,57,0.054730738298774395,infrequent
378,2020-04-23,63.84685966099618,12,19,0.0,new
379,2020-10-02,191.04804386789252,30,178,0.5156419913466209,infrequent
380,2021-07-04,173.69119215317477,40,52,0.18105531315980716,loyal
381,2021-02-17,75.3983389563023,15,67,0.8599904314576295,loyal
382,2020-11-04,62.81734096010528,23,151,0.8447313492472085,infrequent
383,2023-03-10,165.27068941496168,29,8,0.24562410383575228,infrequent
384,2022-04-09,58.548882008862,4,1,0.801583042276125,loyal
385,2022-03-04,189.58296356049829,22,65,0.33971422928988004,loyal
386,2023-02-24,195.69464571081707,16,29,0.3322129757745419,loyal
387,2021-07-10,30.10640319315888,5,63,0.336002525741791,infrequent
388,2020-12-01,49.40472867100033,20,143,0.50161223064724,loyal
389,2021-12-05,45.3893318360081,13,174,0.8479541915329057,loyal
390,2022-08-29,86.10950018200857,3,69,0.0,new
391,2022-04-24,81.00581486815204,25,5,0.3337202951169165,infrequent
392,2020-09-18,100.04277733513985,22,107,0.9909667367128097,loyal
393,2022-07-06,183.9631422626809,17,104,0.8908505896526757,infrequent
394,2022-08-26,159.40571315676704,21,13,0.0,new
395,2021-09-27,88.93733827792909,48,67,0.0,new
396,2021-05-05,199.23427268122953,37,119,0.8403616291932379,loyal
397,2022-11-20,132.94483499415134,4,92,0.7663595044636039,infrequent
398,2021-07-10,157.4448812497908,19,178,0.40753733859794394,infrequent
399,2020-06-08,45.70602607353175,24,100,0.6150509882527969,loyal
400,2020-11-22,123.46445143789059,3,61,0.024344849961603687,infrequent
401,2021-02-15,125.0942425013564,10,128,0.512964247856348,loyal
402,2023-01-14,31.485630471975966,20,24,0.13327308639304014,infrequent
403,2022-01-31,163.31541388946073,33,8,0.5540494176541438,loyal
404,2023-01-03,166.6755599469285,38,80,0.6405888158832486,infrequent
405,2022-08-15,51.89938768862743,31,177,0.37143044422692906,loyal
406,2022-08-25,98.28971473239001,5,45,0.0,new
407,2023-02-27,100.2208390469969,17,17,0.16548083154223103,loyal
408,2021-09-24,60.22341200221678,24,73,0.3731545699136881,infrequent
409,2021-02-21,41.21228674376019,36,53,0.01843720937350435,infrequent
410,2020-04-19,112.64576197525035,29,139,0.5763486977545604,loyal
411,2020-10-03,98.97682080085303,2,89,0.8476746299094472,infrequent
412,2022-07-17,86.4088634281386,30,84,0.0,new
413,2022-09-14,150.6574755375126,35,45,0.4119589798348602,loyal
414,2021-06-09,164.9035379414831,38,13,0.09146838673220559,loyal
415,2020-08-23,29.34828022156752,44,32,0.0,new
416,2021-04-20,28.541571070862478,31,39,0.0,new
417,2020-06-02,39.18871186909298,22,34,0.0,new
418,2022-01-11,76.5564010043276,17,80,0.0,new
419,2022-06-28,25.551334591530757,35,51,0.5500947932855824,loyal
420,2021-09-09,128.6740497031358,49,114,0.4582539489306897,infrequent
421,2020-11-03,52.85623720488657,19,1,0.7627014520054138,loyal
422,2020-11-29,106.02330639000337,12,29,0.6209552922255921,infrequent
423,2022-10-21,34.360801269825004,7,37,0.285285502055422,loyal
424,2021-10-24,70.33621819584268,42,170,0.0,new
425,2022-06-07,168.84234879484933,15,111,0.7409349127453893,loyal
426,2021-12-08,103.83966597289665,48,125,0.14940646752719722,loyal
427,2022-12-22,162.669401394629,19,158,0.0,new
428,2020-10-26,178.90640954296885,15,4,0.6723357237317438,loyal
429,2022-10-30,167.6240435630438,12,107,0.18084889673577498,infrequent
430,2020-05-27,33.36254646621009,12,68,0.06290750141736068,infrequent
431,2020-12-01,106.55823694638015,17,164,0.0,new
432,2020-06-18,79.30065654835941,3,56,0.0,new
433,2022-10-30,84.64210418239071,24,56,0.8584301749180511,loyal
434,2021-03-17,22.170463658784474,39,37,0.025133859903493372,infrequent
435,2022-10-12,38.727168606448224,6,52,0.016168064378077718,loyal
436,2022-12-20,104.6666690409023,45,142,0.0,new
437,2021-12-10,146.58910790920623,42,174,0.0,new
438,2020-03-26,106.41520908116865,46,34,0.0,new
439,2022-09-28,56.180788114433746,8,65,0.9130941237293657,loyal
440,2020-07-13,182.81645261378895,16,137,0.28134725811318984,infrequent
441,2021-08-01,156.93469630966717,1,59,0.0,new
442,2020-11-20,136.85099081491623,31,176,0.0,new
443,2020-09-07,21.547624960227832,18,130,0.6498447614342638,loyal
444,2022-02-07,74.48544954636998,36,77,0.14021589204790164,infrequent
445,2020-11-08,143.92795205628576,9,111,0.89411604779793,loyal
446,2023-02-09,115.51859538457887,24,73,0.10933121828583259,infrequent
447,2021-10-27,56.433927844020204,13,98,0.06003419949717703,loyal
448,2022-12-23,90.6884721317534,4,157,0.6125697765943551,loyal
449,2021-02-19,199.2559458853608,13,149,0.8409378417663702,infrequent
450,2022-08-29,48.5270154646757,8,109,0.9501591250168198,loyal
451,2021-11-08,184.6490722930469,31,17,0.0,new
452,2021-07-04,107.71914968114157,16,122,0.0,new
453,2022-11-18,100.11253104028387,2,77,0.0,new
454,2020-05-17,29.08477653108725,40,113,0.0,new
455,2021-05-24,104.09268246428302,10,64,0.0,new
456,2023-01-14,59.62969039225669,46,73,0.9859552500920977,loyal
457,2021-04-19,87.26043746885786,20,149,0.7136051960634778,loyal
458,2020-10-21,150.3670347826969,19,60,0.38329572488177044,infrequent
459,2020-04-18,91.88777691654704,8,47,0.9866806095365463,infrequent
460,2020-06-04,163.58804043392865,15,8,0.2193771204294387,loyal
461,2021-06-28,59.34677534448097,17,104,0.6518759422458192,infrequent
462,2021-03-27,37.26394666062603,17,135,0.6295072321882125,loyal
463,2020-03-30,25.365931584750115,20,179,0.6610170738798501,loyal
464,2021-01-17,142.3130121548282,14,109,0.4242643426780933,infrequent
465,2021-08-06,198.79375299742603,29,87,0.8775335635441578,infrequent
466,2021-10-16,84.83229437973188,1,47,0.6865431013545944,loyal
467,2020-03-19,24.4503383304669,16,151,0.0,new
468,2021-05-18,32.70763835613135,10,132,0.5428576790620174,loyal
469,2020-12-24,93.4716700224267,27,81,0.3893881914847359,loyal
470,2022-12-05,96.16334043500844,7,91,0.16069090644001804,loyal
471,2020-09-14,100.00781430868842,36,65,0.9510271203905892,infrequent
472,2020-10-30,92.4199215772826,1,141,0.0,new
473,2021-03-02,184.2623673904082,44,93,0.6587633987135839,loyal
474,2020-11-05,131.65414394936744,23,13,0.21736364828474042,infrequent
475,2022-04-08,146.8523067176938,33,84,0.24962682796581814,infrequent
476,2021-04-24,144.23768255655875,14,19,0.5091021989450314,loyal
477,2022-07-04,137.8058837947525,48,111,0.0,new
478,2020-07-27,36.172011256586956,2,132,0.2712815651668038,infrequent
479,2022-12-07,100.52844598852002,31,82,0.42056935279350816,infrequent
480,2021-03-06,186.91887341388554,34,17,0.8922720435630699,loyal
481,2021-08-30,20.341581553500273,19,170,0.12512440917042278,loyal
482,2022-09-14,94.85852786416665,16,44,0.033284694504814305,loyal
483,2021-11-20,156.5631602351264,21,120,0.7843585596749381,loyal
484,2022-09-15,165.7864616578395,33,107,0.898678009756672,loyal
485,2022-03-18,65.17725271504797,40,98,0.8200602707938098,loyal
486,2021-08-18,48.52792027344269,9,5,0.0,new
487,2022-03-27,182.9706276333083,16,43,0.12402619858765607,loyal
488,2022-08-16,72.93737764049015,1,31,0.20622957637113704,loyal
489,2020-12-19,167.07284444225127,35,27,0.0,new
490,2020-04-01,40.6393085852359,35,57,0.09440388313513925,infrequent
491,2022-07-07,59.786319877361215,30,124,0.6839343595567666,infrequent
492,2022-06-22,177.3609181845654,9,160,0.5173600894602679,loyal
493,2021-08-04,65.21923446368532,31,97,0.10523436185090373,loyal
494,2021-07-15,156.33093790289743,7,179,0.12687109868945556,loyal
495,2021-07-27,100.84347855315983,13,98,0.9160342633375865,infrequent
496,2020-09-09,184.84601854257974,4,41,0.18620082597943444,infrequent
497,2020-07-06,63.609069866389916,50,95,0.4456060216384663,loyal
498,2022-07-10,147.14475567428047,17,85,0.5082778879952079,infrequent
499,2020-09-07,48.0119992399534,50,176,0.35132644793944745,loyal
500,2021-10-22,136.49641323831236,15,79,0.7194443895275522,infrequent
501,2022-04-13,176.99445230162496,24,88,0.2282859881695567,infrequent
502,2020-06-22,141.30496362759638,11,103,0.2139915828658071,loyal
503,2021-10-21,47.26355004792583,21,109,0.34933322601823436,infrequent
504,2021-08-30,69.17347924747327,19,63,0.0,new
505,2020-04-01,56.538160108287784,50,138,0.25970945415497093,infrequent
506,2022-08-08,56.40232759655325,48,34,0.0,new
507,2023-03-08,65.31582405837976,49,114,0.2686129612081486,infrequent
508,2021-04-03,129.57045847655985,29,150,0.6195710149827823,loyal
509,2022-08-03,114.37752568589751,47,159,0.0,new
510,2021-03-19,184.71944376920752,8,105,0.0,new
511,2022-08-03,89.6379357563032,1,151,0.461915445760979,loyal
512,2020-10-08,92.28623324647198,18,105,0.6549418628835376,loyal
513,2023-01-04,39.848665622292415,17,55,0.5101386317281663,infrequent
514,2020-12-14,165.76165900245292,13,130,0.5863657306630461,loyal
515,2020-04-24,114.58061033103453,16,96,0.1421630550736348,loyal
516,2021-12-20,166.9379665885097,29,147,0.47736102600006713,infrequent
517,2021-03-23,40.953252397088704,21,102,0.3317932930376254,loyal
518,2022-07-13,96.98618296917702,30,123,0.18023912334598513,loyal
519,2022-12-22,136.2403373695671,11,105,0.6950439809105945,loyal
520,2020-12-14,199.88736208390307,15,24,0.0,new
521,2022-06-10,69.68653446995926,26,163,0.6682837855842306,loyal
522,2021-03-10,54.72482191315548,4,168,0.2931464465905783,infrequent
523,2022-01-06,93.33681679732013,31,149,0.42684704057472256,infrequent
524,2021-12-10,33.9607950250993,37,51,0.11625646019104063,loyal
525,2022-01-16,69.44226274245939,30,88,0.0,new
526,2020-09-26,114.32168858323536,20,130,0.09173179591685154,loyal
527,2022-06-09,199.30303877298533,1,23,0.8177079058712181,loyal
528,2022-09-18,107.192309327773,39,35,0.0,new
529,2020-07-02,80.04929847150152,50,83,0.25837644317915465,loyal
530,2021-02-27,148.18562596936897,46,158,0.6423559096184098,infrequent
531,2022-02-07,147.86449094549175,40,15,0.41511165210628653,loyal
532,2022-06-19,145.48852125962247,7,70,0.0,new
533,2020-11-17,62.92914901154704,32,135,0.7197850514568599,loyal
534,2022-03-30,100.00465222352125,42,37,0.0,new
535,2022-10-23,197.41147637269066,9,136,0.9932781539645785,loyal
536,2020-12-04,110.47251892040016,24,116,0.774637786370687,loyal
537,2021-05-14,141.58230030552158,25,25,0.2617759740936709,loyal
538,2021-10-28,21.290728402372277,14,165,0.0,new
539,2022-11-03,140.77929371140905,11,86,0.0,new
540,2023-01-06,69.73465361917908,26,14,0.7020045784215858,loyal
541,2020-09-21,38.10475544782989,12,164,0.12171445989671525,infrequent
542,2021-09-05,117.81068570854708,42,124,0.5580523548389272,loyal
543,2022-03-01,187.61433956487795,31,175,0.7718138204162615,infrequent
544,2022-07-30,42.067099914499614,20,172,0.0,new
545,2023-03-04,121.69876436206758,18,110,0.11210440316254788,infrequent
546,2021-08-05,45.891409560529404,18,125,0.25702411804988345,infrequent
547,2022-06-20,183.9401490464058,39,105,0.19973068208523803,loyal
548,2020-03-25,67.24742435400051,31,155,0.9821573378957205,infrequent
549,2022-10-13,64.70527811217752,16,60,0.0,new
550,2022-12-24,191.9863360224275,11,7,0.0,new
551,2021-09-29,46.193837707567226,20,19,0.12675411459334118,loyal
552,2022-09-25,58.529185015745895,41,86,0.30787713786699755,infrequent
553,2022-02-09,125.12523222397277,18,150,0.6862095388806236,infrequent
554,2023-03-15,40.24481208185105,23,95,0.40929202749002014,loyal
555,2020-08-29,37.664548228088975,31,152,0.15286103304755638,loyal
556,2021-05-08,198.81242260910767,6,114,0.4930116209412596,infrequent
557,2022-10-01,179.4896317800685,7,60,0.0,new
558,2020-12-20,96.94541594404274,15,160,0.46289321399364136,loyal
559,2023-02-22,20.791901649716575,50,54,0.767466274800543,infrequent
560,2023-03-10,175.29349983734124,22,39,0.0,new
561,2020-05-22,185.1688673171942,7,116,0.16248297148615787,loyal
562,2021-05-03,53.39167992212904,34,18,0.5407847062259824,infrequent
563,2022-05-07,50.7902716750952,37,31,0.5608566194224203,loyal
564,2021-05-06,59.23833937863084,34,119,0.5106649208132509,infrequent
565,2021-09-13,40.38150674952371,31,62,0.35475041304725974,loyal
566,2022-02-14,60.40713727205123,29,15,0.3133315264607307,loyal
567,2021-06-26,152.56078215760917,7,29,0.4406046096428039,loyal
568,2021-03-29,109.56292156790226,9,1,0.566433067054126,infrequent
569,2022-06-11,37.82586189179854,14,175,0.518861450098604,loyal
570,2020-07-24,99.22962577762212,6,52,0.21164340775667978,loyal
571,2021-04-09,195.31486594918667,47,167,0.3275429261431094,loyal
572,2022-12-12,149.5804340684893,8,98,0.07324892757423263,loyal
573,2023-01-06,69.59964821765291,22,29,0.29684467970188844,infrequent
574,2020-08-27,133.71760471705193,50,114,0.891630254217847,infrequent
575,2022-09-06,190.1111594907271,25,163,0.41603128035571224,loyal
576,2023-01-17,177.60707931760555,47,64,0.7252428007903508,loyal
577,2022-10-02,78.7575642107324,20,52,0.9970197678745997,infrequent
578,2021-01-27,50.63628668656915,11,133,0.5160428620958748,infrequent
579,2022-10-21,66.4583859827672,8,161,0.5934726574746811,loyal
580,2021-08-17,142.6620229716417,16,38,0.7462896227663817,loyal
581,2021-02-27,91.23730913329504,50,151,0.6641770712344128,loyal
582,2021-09-02,116.23719354991545,25,23,0.06400436478025051,infrequent
583,2021-04-01,95.08716538135899,37,178,0.9235169483389027,loyal
584,2023-01-24,197.95596798782518,43,162,0.6905693538240916,loyal
585,2021-12-29,121.1827172461898,22,106,0.7711286276245882,loyal
586,2021-03-06,57.05388310739605,39,17,0.29580274648113136,loyal
587,2022-05-30,61.81156282944982,41,148,0.7804301345027976,loyal
588,2023-03-04,54.36133239798023,27,148,0.5030821377507665,loyal
589,2020-09-05,147.22367277036665,35,109,0.0,new
590,2021-09-02,120.06835907031677,5,13,0.10675684628804338,loyal
591,2020-07-28,51.37973230566304,35,128,0.0,new
592,2022-10-11,80.97340254236728,14,22,0.28166122194537513,loyal
593,2020-08-06,52.02139636284441,5,130,0.019369212406397218,loyal
594,2021-07-04,115.47852357650207,18,36,0.4644308410388397,loyal
595,2021-07-08,125.47956125577502,47,143,0.565695958530599,infrequent
596,2022-10-01,117.08527277380344,48,52,0.0,new
597,2022-08-16,125.97021733067936,10,129,0.0,new
598,2022-06-23,173.39282314805823,45,114,0.4093042579095,loyal
599,2021-07-09,189.17354065986694,20,95,0.6415970529751948,loyal
600,2022-10-22,178.76674293408652,1,60,0.0,new
601,2022-10-20,104.64273882954811,17,0,0.13481155542800538,loyal
602,2021-07-06,177.52906321631386,40,57,0.5112911947811009,loyal
603,2022-11-08,133.86897843443,5,89,0.16439087760224014,loyal
604,2022-05-27,36.419825625168485,24,15,0.690040742744774,infrequent
605,2022-09-03,132.00236427037845,27,37,0.7235393886453675,loyal
606,2020-06-01,123.53602176580131,49,129,0.0,new
607,2020-08-15,145.80743271809064,20,45,0.5065708478090755,loyal
608,2022-07-27,63.6095545556531,18,153,0.7636403081821075,infrequent
609,2020-11-28,144.6662940773047,5,114,0.8523503097962873,infrequent
610,2020-04-29,43.61284535951454,33,136,0.8588049032153365,loyal
611,2021-04-26,89.91037359903152,28,57,0.0,new
612,2022-12-16,120.5614827054239,9,170,0.5085448199236761,infrequent
613,2021-08-06,167.0312050242267,38,13,0.7576811167597036,infrequent
614,2022-06-17,137.81175139932796,17,148,0.7967934156026445,loyal
615,2020-08-23,133.99158380379674,47,38,0.08204822115680466,infrequent
616,2020-04-16,26.430859835038767,26,38,0.5070617229331931,loyal
617,2022-08-06,146.82765906167035,31,141,0.5279772234429563,infrequent
618,2022-03-10,174.80748811381804,39,172,0.7331221247319074,loyal
619,2021-02-13,172.32590476273577,14,78,0.0,new
620,2022-12-23,36.547916886608306,1,88,0.971906043878428,infrequent
621,2022-07-17,172.0056499926365,17,31,0.0643610052882796,loyal
622,2021-04-08,52.4614270770938,21,110,0.10688752194709572,loyal
623,2021-07-07,44.04069544052514,50,82,0.9574392086804123,infrequent
624,2022-05-21,83.5918072682975,20,160,0.8058386846492311,infrequent
625,2020-10-06,29.241701177822193,39,52,0.19488843703270275,infrequent
626,2022-10-28,164.3184344157163,50,178,0.11576004813426177,loyal
627,2022-10-11,79.70712017999949,22,93,0.4651217023126618,infrequent
628,2022-10-23,189.79372184386074,42,13,0.0,new
629,2022-07-16,191.73936280419986,16,129,0.9813761483364993,infrequent
630,2021-10-02,50.15157340861529,45,133,0.39286632233398167,loyal
631,2022-04-24,52.3863183919567,36,33,0.14399890707567653,loyal
632,2020-05-14,145.5727544299946,47,57,0.7202836836352836,loyal
633,2023-01-18,65.05093221092119,9,1,0.08855942684293139,loyal
634,2020-12-09,64.10796572561779,49,54,0.0,new
635,2021-01-26,83.90811160146825,40,8,0.877646902446528,loyal
636,2020-10-12,27.132435133131366,15,115,0.9157671650571823,loyal
637,2020-05-21,199.52191796806594,42,24,0.0,new
638,2020-09-27,127.93320615292764,40,160,0.5986740250981875,loyal
639,2021-08-10,77.00718477522895,16,70,0.0,new
640,2022-08-15,154.68411836419335,50,83,0.5822168231024027,loyal
641,2022-03-11,132.65299894263558,38,135,0.08447304267507838,infrequent
642,2022-03-30,173.37812131955172,29,135,0.4222077915340501,infrequent
643,2021-01-10,114.71470753502757,44,69,0.8505663177663094,loyal
644,2020-08-17,52.03136854851208,37,120,0.17867276493318185,loyal
645,2023-02-25,151.41559529605524,10,25,0.9230870634243131,infrequent
646,2022-04-14,35.401549324787275,33,0,0.0,new
647,2022-07-29,44.89980511060731,46,120,0.6414848219149947,loyal
648,2021-09-17,136.17218190719362,27,50,0.0,new
649,2022-02-01,177.20494148230233,39,144,0.0,new
650,2020-05-15,22.473047107690043,34,160,0.6448658526634934,infrequent
651,2022-03-27,129.99410018264143,14,44,0.0,new
652,2020-07-23,121.98762285031616,29,153,0.596640512986351,infrequent
653,2021-07-20,192.46112700968143,30,41,0.2566344597002932,loyal
654,2022-02-15,28.96485497423422,4,36,0.4824156507107328,loyal
655,2022-03-02,126.45898450275287,33,111,0.0,new
656,2022-03-02,100.79923141924216,21,106,0.0,new
657,2021-12-29,194.70878043017757,23,170,0.22567233994668123,loyal
658,2021-09-25,81.48143096731641,12,112,0.0,new
659,2021-05-10,20.218314584071262,5,100,0.1787563083947663,loyal
660,2022-05-23,150.8863444588955,45,118,0.9024391567551631,loyal
661,2022-06-14,101.92919604367484,50,64,0.9626931780048403,loyal
662,2022-05-10,180.90746372145975,44,140,0.6570660007259209,loyal
663,2023-02-24,115.37710290301668,30,8,0.48896619752501114,loyal
664,2023-03-06,68.36269344225349,38,127,0.7765854003819804,loyal
665,2020-05-02,70.50940540136388,23,28,0.048551702665801555,loyal
666,2020-11-10,117.73884347230808,42,29,0.5140786664568141,infrequent
667,2021-10-05,52.700642133712435,18,35,0.0,new
668,2021-05-24,155.68669805475548,40,67,0.7879251937718903,loyal
669,2020-09-07,151.62179305718968,1,23,0.6066487847771387,loyal
670,2021-01-05,117.11062166203529,8,111,0.6308134963709927,infrequent
671,2021-11-30,178.817173239031,23,45,0.0,new
672,2021-06-26,91.00474275406856,1,144,0.9913747515242427,infrequent
673,2021-09-26,66.22064022210431,25,25,0.0010340874868779437,loyal
674,2022-01-05,62.825959918842855,26,109,0.0,new
675,2020-10-13,74.46596622322323,16,100,0.5262227773767888,loyal
676,2022-02-14,74.75830981575245,38,51,0.0,new
677,2021-09-15,180.85305732466728,4,70,0.0,new
678,2020-06-14,196.8610664896458,41,163,0.6279070575284212,infrequent
679,2020-08-27,142.15496695889772,49,63,0.0,new
680,2022-08-04,196.80869858449387,18,179,0.0,new
681,2022-11-03,137.54463270201938,9,36,0.0,new
682,2022-01-06,122.66791579320095,11,108,0.42622944373920857,loyal
683,2022-06-20,58.260090650722795,50,17,0.006526963855332579,loyal
684,2021-07-24,126.57944143117197,3,150,0.0,new
685,2022-04-25,180.64891687303225,20,1,0.4372112021246829,loyal
686,2021-11-05,169.97727030863416,45,13,0.0,new
687,2020-12-12,108.56913189284174,1,101,0.0,new
688,2021-04-02,196.2057623920859,8,157,0.6737065879925492,infrequent
689,2023-02-03,73.689337426643,4,138,0.7349627874060698,loyal
690,2020-07-05,142.7079064888948,16,104,0.6164520826515603,infrequent
691,2022-02-25,129.2378077405161,30,143,0.2385629405022357,infrequent
692,2021-01-10,58.22821210162646,43,148,0.6433118570805116,infrequent
693,2021-12-09,155.50938170641032,50,164,0.8773731189170776,infrequent
694,2022-05-02,126.2403991932163,39,48,0.13307442829058824,infrequent
695,2021-09-22,160.43742336550778,28,156,0.09813052023757263,infrequent
696,2022-11-07,130.64145580573262,28,130,0.9329047757895657,loyal
697,2020-07-05,131.54189757408287,22,13,0.5003308286213229,loyal
698,2022-08-02,82.39326316333037,4,151,0.7164440009285715,loyal
699,2021-07-10,44.13360950853791,33,54,0.6016544349923315,loyal
700,2020-12-02,38.99540061987635,26,124,0.8730361053701483,loyal
701,2022-02-27,130.2490011581197,48,73,0.10372554582778337,loyal
702,2020-08-28,82.1129373856989,9,48,0.0,new
703,2022-08-11,115.378609713809,37,29,0.12696609199899966,infrequent
704,2022-10-01,112.75626851520838,8,100,0.9739725878473456,loyal
705,2021-04-15,52.20687405250829,12,25,0.9049630390484182,infrequent
706,2022-11-12,183.78335769397438,39,97,0.7534414062259621,loyal
707,2022-08-12,187.60325238302968,28,36,0.32086999449923137,loyal
708,2021-07-09,55.37902575383628,10,133,0.8266027380632652,loyal
709,2022-01-24,196.2585691418695,31,150,0.4659407893746905,loyal
710,2020-11-03,158.80244851129518,31,6,0.01907437098458331,loyal
711,2021-02-27,47.684475899254494,37,9,0.5179115496007646,loyal
712,2022-09-18,103.1657627004263,4,67,0.0,new
713,2023-02-15,194.39123523997299,6,96,0.13945807566012902,loyal
714,2021-02-22,86.20444807643132,38,92,0.0,new
715,2021-06-29,92.17835554087532,35,137,0.7494984156508324,loyal
716,2022-07-24,178.04042228289015,38,17,0.5780974002368389,loyal
717,2022-12-04,80.16407837868279,46,26,0.9840243491277685,loyal
718,2021-03-12,49.84092283005444,21,122,0.40811018424683443,loyal
719,2021-05-28,36.43822059644451,45,136,0.9098973836614686,infrequent
720,2021-03-19,163.20526198026323,35,68,0.35401918911265606,infrequent
721,2020-11-04,86.42175762058748,26,91,0.24362327906293368,loyal
722,2021-05-14,138.03170974527376,36,6,0.011581411789606144,infrequent
723,2020-05-12,66.64771560727087,43,89,0.3709066031822623,loyal
724,2020-12-11,119.19919422230679,40,53,0.2845920149548832,infrequent
725,2023-01-18,86.64226218995624,16,160,0.672371599659638,loyal
726,2021-02-09,116.88320317751003,18,36,0.0,new
727,2020-03-21,28.94061619613839,4,73,0.3182049562633599,loyal
728,2020-11-28,158.51865392894337,22,88,0.0,new
729,2020-12-28,166.47680742327256,10,20,0.2580361124752313,loyal
730,2021-12-04,43.34993212896358,39,83,0.6637022504562801,loyal
731,2022-01-22,149.0701629492931,34,24,0.9718047069926586,infrequent
732,2022-10-19,32.273889594984425,44,128,0.4010764295192828,loyal
733,2020-07-28,90.9416978884494,30,19,0.16062434213508092,loyal
734,2020-03-21,132.2576539488868,4,76,0.2832244709473747,infrequent
735,2020-11-04,24.54641145619442,46,119,0.6173395682309932,infrequent
736,2021-10-21,155.12149129462347,17,109,0.0,new
737,2022-12-13,162.9242258407909,4,159,0.0,new
738,2023-02-02,181.78483488485483,39,108,0.6422270013021594,infrequent
739,2021-12-18,162.5866895583756,4,128,0.45574315568126245,loyal
740,2022-07-01,187.9451136969343,4,52,0.24748517606477682,infrequent
741,2021-03-05,160.38176434150097,14,2,0.8716334175285003,loyal
742,2020-12-31,118.07114647046195,39,48,0.0,new
743,2022-02-12,23.136968798727043,32,162,0.0,new
744,2022-09-14,39.07984126314368,24,123,0.1643976057665879,loyal
745,2021-05-31,75.70369588211204,26,100,0.6839550139516674,loyal
746,2020-11-13,164.08054000434782,4,66,0.0357873269963781,loyal
747,2020-07-22,145.08402036086324,18,85,0.8613634467586637,loyal
748,2021-04-26,155.06873377654944,13,121,0.2427101772283724,infrequent
749,2022-07-15,26.73340046693032,47,13,0.0,new
750,2021-08-30,151.15573310710062,43,27,0.0,new
751,2022-09-25,43.44154121065908,36,142,0.8982807285217723,loyal
752,2020-09-12,130.24637710481164,31,112,0.4252103199041518,loyal
753,2022-03-21,76.12646593579004,7,153,0.18814617437996373,loyal
754,2021-07-13,68.82446753945116,1,173,0.23741060149791915,infrequent
755,2021-09-07,33.302429657451455,37,115,0.6599428432796781,loyal
756,2020-11-07,75.99433301792752,37,31,0.0870690144703733,infrequent
757,2022-05-17,24.76139819518682,28,130,0.0,new
758,2022-08-22,190.50615838859534,49,42,0.0,new
759,2022-05-27,196.50663129219606,47,163,0.0,new
760,2022-12-25,37.70028846563423,28,123,0.19003983785856549,loyal
761,2021-03-13,145.90191710611495,50,146,0.6696143370598555,loyal
762,2022-03-15,34.15362159658642,7,140,0.738565416169347,infrequent
763,2022-01-03,184.15312573083486,6,49,0.5061978891226975,loyal
764,2022-05-23,92.71709648854001,44,155,0.045134043920683875,infrequent
765,2022-07-20,36.19445952853536,47,109,0.24698537403499476,loyal
766,2021-02-23,35.38266145636805,33,140,0.9728586760000464,loyal
767,2022-09-15,144.39756346834523,50,69,0.10141831553691416,loyal
768,2021-11-15,141.98307664188002,2,24,0.0959883514779698,loyal
769,2022-09-30,73.87010950453998,17,125,0.0,new
770,2020-11-01,165.30657986082306,20,0,0.15035143244276716,loyal
771,2021-04-18,102.30283844080803,50,48,0.982761822462114,loyal
772,2022-05-19,23.14810090537997,16,71,0.0,new
773,2021-06-18,74.67134061848031,24,106,0.19624365389950293,loyal
774,2021-10-28,150.34635512045108,22,116,0.9949465128192194,loyal
775,2023-02-11,108.69835219375337,27,143,0.8444621344049631,loyal
776,2022-01-17,90.6299432059277,40,174,0.0,new
777,2022-05-01,38.662343615099374,3,116,0.45829947566122187,loyal
778,2020-07-21,137.55405396164363,16,91,0.0,new
779,2021-05-02,148.86994129390118,36,65,0.3059243321325481,loyal
780,2021-11-07,139.6743679691144,34,23,0.8469207947712134,loyal
781,2021-11-27,159.60727942194998,24,56,0.0,new
782,2021-10-03,21.764235860275356,14,168,0.9442201372928507,loyal
783,2021-10-14,20.975572350072348,42,31,0.37465152378122546,infrequent
784,2022-07-11,108.68224998323443,31,59,0.3734683052022587,loyal
785,2020-04-30,176.5458206845308,44,116,0.8771643038674427,loyal
786,2020-05-04,42.041004466521564,9,82,0.7421454545198104,loyal
787,2022-02-01,191.87899299204219,45,178,0.4980087449590247,infrequent
788,2022-09-12,91.0373760478602,45,5,0.0,new
789,2022-11-13,31.595289918401807,4,71,0.8943040904459914,loyal
790,2021-10-07,166.28692688345853,35,17,0.14595679226244074,loyal
791,2021-06-02,179.96937168715257,18,130,0.7808722213526939,infrequent
792,2022-12-11,41.42186278342627,39,107,0.19944518827770075,loyal
793,2020-05-09,153.36434122935822,25,59,0.40526481394508707,infrequent
794,2020-09-06,98.52090858646929,48,97,0.5158960398172953,loyal
795,2021-10-18,65.35850710336017,23,137,0.06994386474243264,infrequent
796,2022-08-31,123.19048987527438,37,146,0.4055826007471488,loyal
797,2021-01-02,94.68129791173641,3,59,0.0,new
798,2022-04-28,98.62770494628774,28,79,0.38357642876151454,loyal
799,2021-02-07,79.84616439057518,10,173,0.0,new
800,2022-11-17,192.40704717314358,16,57,0.4354394986503959,infrequent
801,2022-10-30,198.1959641000913,39,0,0.3572459781063614,infrequent
802,2022-10-31,137.29797334114622,16,126,0.4918225776403118,loyal
803,2022-05-20,122.35907613971013,16,47,0.10363331856202751,loyal
804,2020-07-16,194.5021853216004,10,63,0.8871321458802081,infrequent
805,2020-12-19,71.31581592935916,29,26,0.28083118473310265,loyal
806,2021-08-02,187.64782998456687,49,105,0.0,new
807,2021-08-28,20.744680782941277,38,175,0.7542657161655917,loyal
808,2021-02-19,143.32277752045562,3,83,0.0,new
809,2021-01-21,26.541424457097115,20,20,0.9549564434188947,infrequent
810,2021-04-11,77.68856193755767,6,132,0.5288244611475356,loyal
811,2020-06-06,118.25018092941188,40,84,0.20499994764198848,infrequent
812,2020-08-07,154.32771605191698,11,43,0.0,new
813,2020-12-17,128.56010894566495,8,24,0.8466751184277411,loyal
814,2022-08-17,67.35851214818648,44,72,0.6045886091804863,loyal
815,2022-02-23,107.3051560444877,46,31,0.38853728088776207,loyal
816,2022-10-22,130.57283957279532,13,28,0.00895488453051807,infrequent
817,2022-10-02,175.9638586978694,30,46,0.3150596268903957,loyal
818,2021-02-10,97.12187081756095,23,20,0.42763797841121165,infrequent
819,2020-04-29,195.63482601255222,35,21,0.4129348686090266,infrequent
820,2022-01-07,172.56432115499638,28,138,0.0,new
821,2020-04-18,77.01446971124719,28,173,0.0,new
822,2022-08-23,169.54802146624115,6,167,0.0,new
823,2022-04-29,166.52416571975684,14,71,0.0,new
824,2022-05-26,173.62858707323437,19,129,0.12737874228169066,loyal
825,2021-02-26,158.67212205578227,42,176,0.0,new
826,2021-10-30,146.99783051054482,44,12,0.7111472608398143,loyal
827,2023-02-17,38.2759829091697,39,157,0.8438225837522881,loyal
828,2020-10-08,103.13384809700011,16,47,0.5643816855586009,loyal
829,2021-05-06,43.92097024222473,33,143,0.0,new
830,2020-11-27,158.471418446818,49,115,0.0,new
831,2023-02-16,145.17590085106687,13,68,0.0,new
832,2022-01-19,98.21658672751857,14,74,0.056746330030109426,infrequent
833,2022-03-27,125.55162745509155,31,32,0.18525656381143685,loyal
834,2023-02-08,171.0798224624091,41,34,0.2287457261513003,loyal
835,2022-08-14,140.60667102511832,43,132,0.677983701413436,loyal
836,2022-01-07,114.91090544352099,5,129,0.8496449846518512,loyal
837,2020-08-26,107.60899804616464,9,109,0.7210651212986714,loyal
838,2022-08-09,48.154056972873434,12,41,0.21254381898812502,loyal
839,2023-02-04,186.3674597193065,31,62,0.9773845488975075,infrequent
840,2022-08-21,29.18310283950508,32,36,0.0,new
841,2021-02-23,122.7079789362998,16,162,0.0,new
842,2021-08-10,56.32281035527918,33,126,0.2476185867092363,loyal
843,2021-09-26,142.37513294626126,2,114,0.09554748741413421,loyal
844,2020-12-27,180.14221013911944,45,135,0.35022933847316895,loyal
845,2021-05-27,184.62470170199452,4,148,0.5394490775195884,loyal
846,2021-12-24,66.52845022863711,30,115,0.0,new
847,2023-01-20,65.24823466090055,25,46,0.25238501141571446,loyal
848,2022-06-12,48.16984983051581,15,139,0.5282266531016596,infrequent
849,2022-09-08,53.60148026297933,7,50,0.19839698244237525,infrequent
850,2021-04-28,96.76268596109863,35,81,0.35818433009657136,loyal
851,2021-09-03,92.72643458287465,6,93,0.35192650873641473,loyal
852,2020-11-02,103.18010564910915,35,3,0.0,new
853,2022-07-15,86.97832037845029,45,28,0.043449618039814175,infrequent
854,2022-01-13,131.9960951012566,40,45,0.8735724285451568,infrequent
855,2022-11-29,141.321013769007,35,35,0.35822880640623656,infrequent
856,2020-11-05,181.63805119624243,23,86,0.9982342362006311,loyal
857,2021-07-26,35.95388330397206,42,118,0.0,new
858,2023-03-13,153.80642301867366,45,33,0.5386040574186742,loyal
859,2022-07-09,81.12502552054694,5,96,0.6880926315838796,infrequent
860,2021-09-21,92.06717210771355,25,174,0.6243247915464433,infrequent
861,2023-01-10,89.96510839582518,33,72,0.0,new
862,2022-11-11,146.13099604611622,29,155,0.29457838096485844,infrequent
863,2021-07-30,50.04638005380227,40,27,0.44723580998901624,infrequent
864,2020-03-20,52.451561633980965,14,49,0.0,new
865,2023-02-25,160.19911931012388,46,168,0.8934736833286864,infrequent
866,2021-12-31,184.54246222855835,6,26,0.48482565719732196,infrequent
867,2022-11-01,37.596123740546474,6,121,0.9658467581531112,loyal
868,2022-08-26,111.75209425273529,23,28,0.0,new
869,2021-07-17,198.3879554564526,9,122,0.0,new
870,2022-04-11,124.18466093923,8,70,0.0,new
871,2021-07-28,147.50992595566015,39,97,0.0,new
872,2022-01-24,120.39099544920418,22,58,0.0,new
873,2020-03-22,32.00952666813024,49,64,0.6771125480408547,infrequent
874,2022-07-24,98.73297181331054,28,79,0.0,new
875,2020-12-18,160.15954336136596,37,51,0.3348074238818638,infrequent
876,2021-10-18,74.4255904433839,1,163,0.9247478010317137,infrequent
877,2022-06-04,92.34627888870298,2,144,0.16211352424667713,loyal
878,2020-05-12,179.83879714810263,6,27,0.886381159857139,infrequent
879,2020-07-20,112.73336848916932,17,44,0.77075969085687,loyal
880,2021-12-30,50.67560482236465,2,3,0.24425193664818168,infrequent
881,2020-03-28,173.96105830995208,6,55,0.6623209791361703,infrequent
882,2021-11-23,122.69115749583737,41,7,0.0,new
883,2020-04-16,158.82591990715483,12,34,0.0,new
884,2021-04-30,189.97548370121646,20,124,0.9018685656737976,loyal
885,2021-06-11,54.70756184104724,1,179,0.5730804689456018,loyal
886,2020-10-25,129.0039419666972,25,117,0.0,new
887,2021-03-10,151.07971575450853,1,176,0.5148609150027723,loyal
888,2020-09-07,154.23142552755684,6,176,0.2001780313340109,infrequent
889,2020-06-09,106.4831363392443,50,131,0.860043360793343,loyal
890,2020-11-30,80.17841374561682,9,115,0.7311769494616666,loyal
891,2020-12-21,90.87145977187289,41,2,0.15253301065054736,loyal
892,2021-12-01,114.05866908299612,11,100,0.6230973255678598,loyal
893,2020-11-25,46.35249937553878,36,164,0.24368897056543803,infrequent
894,2022-04-12,117.45606972142869,26,131,0.0,new
895,2021-06-12,146.10577476512768,47,107,0.6898212625571841,loyal
896,2022-04-20,161.52979930519405,6,4,0.9708078872770398,infrequent
897,2021-08-07,49.14596595782285,47,5,0.03134737306707025,loyal
898,2022-12-18,73.63985694348946,35,31,0.0,new
899,2021-08-31,127.90481960380185,35,67,0.38501672680885546,loyal
900,2022-05-11,188.73246623789004,29,35,0.2261280222227725,loyal
901,2022-10-12,95.32967052926604,28,92,0.3679602088283688,loyal
902,2021-08-21,117.06327521254686,3,15,0.2293244515214632,loyal
903,2022-07-08,143.48436019055447,28,174,0.8669490402063659,loyal
904,2020-07-10,193.8395434006247,38,104,0.03161271133229149,loyal
905,2022-06-25,170.97973005569054,28,20,0.6275746598181284,loyal
906,2022-07-10,55.96465151944411,35,155,0.06681073496679546,loyal
907,2023-02-04,77.61226200261223,7,0,0.0,new
908,2020-09-22,60.272139953284345,39,138,0.48196743220386495,loyal
909,2020-06-15,64.57810165276756,22,96,0.0,new
910,2021-10-06,164.99243216558608,45,39,0.9340334758451859,loyal
911,2020-10-15,130.2582933925994,16,148,0.5180018730284349,infrequent
912,2020-11-02,50.08198030448633,4,159,0.0,new
913,2021-03-24,162.43531128362955,26,107,0.0,new
914,2022-12-06,83.82490008954838,35,70,0.6733661041697239,loyal
915,2022-10-25,190.83958637409842,50,121,0.28003491191657215,infrequent
916,2020-09-28,144.24109779362078,11,101,0.02890915221062995,loyal
917,2020-05-19,126.24353260931954,25,71,0.3083221611594754,loyal
918,2020-04-09,20.32746960348568,23,126,0.804118749540691,loyal
919,2022-01-19,103.24104692502013,41,113,0.8355133140779227,infrequent
920,2023-02-04,173.2356974994144,12,86,0.0,new
921,2022-09-10,82.92232258501413,14,128,0.0,new
922,2022-08-19,133.30541852531732,20,34,0.6380232398004588,infrequent
923,2020-07-18,98.74870551248878,41,64,0.0,new
924,2022-07-30,85.35214943109216,1,38,0.15059799241240146,loyal
925,2023-03-08,101.25742602879257,29,143,0.6267196575162463,loyal
926,2020-08-21,180.35007088546047,13,95,0.5294616269436209,loyal
927,2022-09-10,128.9928841273346,17,169,0.0,new
928,2021-02-26,136.06156729577316,15,18,0.360802753971598,loyal
929,2022-03-03,141.34534845199806,18,176,0.0,new
930,2021-12-23,126.0034726750074,43,8,0.4615197944194649,loyal
931,2021-03-09,141.64162037198514,18,141,0.19271596540756575,loyal
932,2021-10-27,148.00612061558817,25,32,0.0,new
933,2022-09-22,133.97753424240005,47,170,0.5634226320374426,loyal
934,2021-09-25,21.14103965185476,45,176,0.0,new
935,2021-10-09,52.93261894252899,18,56,0.924611180417843,loyal
936,2020-08-10,69.34872821684962,29,22,0.0,new
937,2020-03-23,123.16786950379745,41,101,0.08472031857244788,infrequent
938,2021-03-01,61.76520336732405,47,8,0.3826665871287953,infrequent
939,2021-10-25,196.6781717718825,29,157,0.30401004901077666,loyal
940,2020-09-24,79.551238870935,14,71,0.2041149683382586,infrequent
941,2020-07-02,118.95579633710125,47,49,0.443324502838207,infrequent
942,2021-04-11,87.95735745600697,40,58,0.5254210688072154,infrequent
943,2021-03-07,97.94587530483793,10,174,0.28735550262816445,loyal
944,2022-08-01,160.62297890698946,7,69,0.0,new
945,2021-10-30,139.56874630634357,7,1,0.8123329310375023,loyal
946,2022-02-15,124.54340835953587,4,27,0.12579674750683334,infrequent
947,2020-05-13,91.56751974291325,23,152,0.0,new
948,2020-11-17,67.36423998992771,24,145,0.009538310175378761,infrequent
949,2022-02-10,32.31020799041336,8,154,0.1713027382076846,loyal
950,2022-07-03,125.44992959044171,45,80,0.5211318145918374,infrequent
951,2021-05-05,20.26344934322827,30,56,0.652225661177349,loyal
952,2020-06-16,197.5983482583458,50,10,0.5771834420881314,loyal
953,2020-10-26,101.59561328961676,35,133,0.0,new
954,2021-04-20,153.5179373720588,5,159,0.22640558262228283,loyal
955,2021-11-04,89.89487690689754,33,168,0.0,new
956,2021-10-18,159.2346728522229,30,178,0.0,new
957,2020-09-01,45.6383603779235,36,67,0.41278780242241053,loyal
958,2022-07-10,139.41565921249753,39,57,0.8402375288759099,infrequent
959,2023-01-04,85.96929709890664,46,144,0.0,new
960,2020-04-06,194.74437700529802,19,81,0.9637339312137767,loyal
961,2020-05-22,131.47590745280831,32,31,0.7821863981170416,infrequent
962,2021-10-01,65.14914360653361,16,146,0.9640172258780128,infrequent
963,2020-08-29,128.26838672471396,50,138,0.8260905659714975,loyal
964,2022-01-14,24.874861100768584,7,49,0.5590454899675605,loyal
965,2021-05-28,119.46766118691585,21,0,0.83125476017224,infrequent
966,2020-12-09,103.44838547407709,26,84,0.19476489045607837,infrequent
967,2020-04-04,139.03395390492176,19,124,0.8350760998881188,loyal
968,2023-02-03,144.46018774853286,11,173,0.06960268674614745,loyal
969,2020-09-04,175.18033108120804,35,93,0.7400966611479524,infrequent
970,2021-07-24,165.5975933252595,30,63,0.342086550798964,infrequent
971,2022-12-17,27.594461796139438,26,165,0.9917894814553605,loyal
972,2020-06-24,169.2553640830489,22,2,0.4563995321865427,infrequent
973,2021-09-14,195.42555319984783,10,10,0.19993526704780573,infrequent
974,2021-08-14,73.36327581567832,32,165,0.2979269690209285,loyal
975,2022-04-10,175.1500040066008,7,125,0.982814832983548,loyal
976,2021-12-27,28.042579277838144,19,144,0.9054543882965821,infrequent
977,2022-02-22,75.2257991800978,50,146,0.1464172861746761,loyal
978,2021-06-19,103.33337203972239,38,108,0.3847559864690566,loyal
979,2021-11-24,105.60803288566191,32,141,0.0,new
980,2020-11-22,176.04736675326282,5,38,0.07626193609102927,loyal
981,2021-11-14,62.428384152233164,47,70,0.8604637145921628,infrequent
982,2021-10-31,177.5410636783302,16,12,0.3547359552823317,loyal
983,2021-07-07,100.20520952889959,15,12,0.0,new
984,2021-12-04,28.214918194013556,45,11,0.3867614779266634,loyal
985,2020-09-14,135.06564371201654,7,122,0.0,new
986,2022-12-05,79.16774844789182,41,146,0.6389089507360639,loyal
987,2022-05-29,160.00256406873356,38,87,0.9858629691155678,infrequent
988,2021-05-14,38.89179776212688,4,144,0.15925995126804493,loyal
989,2022-01-28,173.05040256332038,8,68,0.26233395396288584,infrequent
990,2022-11-01,74.56340348748131,24,0,0.6202688343146677,infrequent
991,2021-09-11,122.26382408636076,12,51,0.15430159198968152,loyal
992,2021-02-17,22.184116184515048,42,27,0.6035182820704266,loyal
993,2023-02-19,31.661916051243473,8,124,0.19428035501039553,loyal
994,2021-04-11,193.39448661867286,39,149,0.1825433424081193,loyal
995,2021-05-17,89.23292030556064,14,106,0.0770246705818336,loyal
996,2021-11-14,64.3567434115115,25,36,0.0,new
997,2021-04-14,197.97484462093502,42,43,0.8033870188408369,loyal
998,2020-12-19,109.16494199584886,47,102,0.4161842955393136,infrequent
999,2020-10-14,42.34037345158423,47,28,0.951403903671846,loyal
1000,2020-09-16,114.08977165299385,26,64,0.5339892899374845,loyal
